<bot schemaname="cr15e_customerService">
  <authenticationconfiguration>{}</authenticationconfiguration>
  <authenticationmode>1</authenticationmode>
  <authenticationtrigger>0</authenticationtrigger>
  <iscustomizable>0</iscustomizable>
  <language>1033</language>
  <name>Customer service</name>
  <runtimeprovider>0</runtimeprovider>
  <supportedlanguages>[-1,2052,-1]</supportedlanguages>
  <synchronizationstatus>{
  "contentVersion": 2,
  "lastFinishedPublishOperation": {
    "operationStart": "2024-03-19T16:38:40.0659439Z",
    "operationEnd": "2024-03-19T16:38:53.3452002Z",
    "status": "Succeeded"
  },
  "currentSynchronizationState": {
    "botRegistration": {
      "applicationId": "9b695a1d-c863-4216-b0bf-d857be7786b6",
      "isAppAvailableInTenant": true
    },
    "provisioningStatus": "Provisioned",
    "state": "Synchronized"
  },
  "lastSynchronizedOnUtc": "2024-03-19T17:24:40.3868052Z"
}</synchronizationstatus>
  <template>default-2.0.1</template>
  <timezoneruleversionnumber>4</timezoneruleversionnumber>
</bot>