{
  "properties": {
    "connectionReferences": {
      "shared_commondataserviceforapps": {
        "runtimeSource": "embedded",
        "connection": {
          "connectionReferenceLogicalName": "cr15e_sharedcommondataserviceforapps_b2cc9"
        },
        "api": {
          "name": "shared_commondataserviceforapps"
        }
      }
    },
    "definition": {
      "$schema": "https://schema.management.azure.com/providers/Microsoft.Logic/schemas/2016-06-01/workflowdefinition.json#",
      "contentVersion": "1.0.0.0",
      "parameters": {
        "$connections": {
          "defaultValue": {},
          "type": "Object"
        },
        "$authentication": {
          "defaultValue": {},
          "type": "SecureObject"
        }
      },
      "triggers": {
        "manual": {
          "metadata": {
            "operationMetadataId": "6f9b91a7-6051-45c4-859d-efc842940eaf"
          },
          "type": "Request",
          "kind": "VirtualAgent",
          "inputs": {
            "schema": {
              "type": "object",
              "properties": {
                "text": {
                  "description": "Please enter your input",
                  "title": "Organization",
                  "type": "string",
                  "x-ms-content-hint": "TEXT",
                  "x-ms-dynamically-added": true
                }
              },
              "required": [
                "text"
              ]
            }
          }
        }
      },
      "actions": {
        "Return_value(s)_to_Power_Virtual_Agents": {
          "runAfter": {
            "Compose_Account_JSON": [
              "Succeeded"
            ]
          },
          "metadata": {
            "operationMetadataId": "c7429f39-8b1c-48cd-ae33-009789b7b902"
          },
          "type": "Response",
          "kind": "VirtualAgent",
          "inputs": {
            "statusCode": 200,
            "body": {
              "accountjson": "{\"items\": @{outputs('Compose_Account_JSON')}}"
            },
            "schema": {
              "type": "object",
              "properties": {
                "accountjson": {
                  "title": "AccountJSON",
                  "x-ms-dynamically-added": true,
                  "type": "string"
                }
              }
            }
          }
        },
        "Search_rows_(preview)": {
          "runAfter": {},
          "metadata": {
            "operationMetadataId": "55800495-99b6-4032-93a0-3ba544966001"
          },
          "type": "OpenApiConnection",
          "inputs": {
            "host": {
              "connectionName": "shared_commondataserviceforapps",
              "operationId": "GetRelevantRows",
              "apiId": "/providers/Microsoft.PowerApps/apis/shared_commondataserviceforapps"
            },
            "parameters": {
              "SearchRequest/search": "@triggerBody()?['text']",
              "SearchRequest/entities": [
                "account"
              ],
              "SearchRequest/orderby": [
                "name asc"
              ]
            },
            "authentication": "@parameters('$authentication')"
          }
        },
        "Parse_JSON": {
          "runAfter": {
            "Search_rows_(preview)": [
              "Succeeded"
            ]
          },
          "metadata": {
            "operationMetadataId": "272afb26-1577-4d1d-acf5-80a66afa9ee7"
          },
          "type": "ParseJson",
          "inputs": {
            "content": "@outputs('Search_rows_(preview)')?['body/value']",
            "schema": {
              "type": "array",
              "items": {
                "type": "object",
                "properties": {
                  "@@search.score": {
                    "type": "number"
                  },
                  "name": {
                    "type": "string"
                  },
                  "address1_city": {
                    "type": "string"
                  },
                  "accountnumber": {
                    "type": "string"
                  }
                },
                "required": [
                  "name"
                ]
              }
            }
          }
        },
        "Select_Account_JSON": {
          "runAfter": {
            "Parse_JSON": [
              "Succeeded"
            ]
          },
          "metadata": {
            "operationMetadataId": "8f02801d-3fa9-4ffe-9b97-3262a240d9dd"
          },
          "type": "Select",
          "inputs": {
            "from": "@body('Parse_JSON')",
            "select": {
              "title": "@{item()['name']} - @{item()?['address1_city']}",
              "value": "@item()?['accountnumber']"
            }
          }
        },
        "Compose_Account_JSON": {
          "runAfter": {
            "Select_Account_JSON": [
              "Succeeded"
            ]
          },
          "metadata": {
            "operationMetadataId": "0a1c605e-e599-49e1-b32b-78e098191cae"
          },
          "type": "Compose",
          "inputs": "@body('Select_Account_JSON')"
        }
      },
      "outputs": {}
    },
    "templateName": "c9cd2c4e691a4646adc8aa592c88489b"
  },
  "schemaVersion": "1.0.0.0"
}